timestamp,open,high,low,close,volume
1641160800,1.35256,1.35336,1.34308,1.34786,43098
1641247200,1.34763,1.35575,1.34597,1.35281,47410
1641333600,1.35254,1.35985,1.35197,1.35539,53442
1641420000,1.35521,1.35587,1.34902,1.35313,57135
1641506400,1.35309,1.35971,1.35251,1.35903,48614
1641765600,1.35664,1.36036,1.35321,1.35761,52787
1641852000,1.35746,1.36358,1.35609,1.3634,53876
1641938400,1.3633,1.37142,1.36206,1.37004,50043
1642024800,1.37003,1.37489,1.36984,1.37051,51844
1642111200,1.37046,1.37432,1.36533,1.36793,60036
1642370400,1.36646,1.36899,1.36373,1.36447,51587
1642456800,1.36437,1.36616,1.35725,1.35939,82325
1642543200,1.35934,1.36488,1.35878,1.36113,72429
1642629600,1.36103,1.36616,1.35871,1.35981,71159
1642716000,1.35981,1.36019,1.35457,1.35511,82492
1642975200,1.35446,1.35652,1.34399,1.3487,87791
1643061600,1.34865,1.35188,1.3436,1.35024,100174
1643148000,1.34991,1.35248,1.3444,1.34622,103684
1643234400,1.34623,1.34677,1.33577,1.33817,123264
1643320800,1.338,1.3433,1.3365,1.33941,114947
1643580000,1.33906,1.34607,1.3386,1.34457,93435
1643666400,1.34437,1.3528,1.34339,1.3522,94612
1643752800,1.35195,1.35868,1.35137,1.35763,85894
1643839200,1.35734,1.36281,1.35378,1.35963,111490
1643925600,1.35943,1.36153,1.3505,1.35275,98214
1644184800,1.35336,1.35509,1.34906,1.35354,79501
1644271200,1.35355,1.35638,1.35074,1.35435,70388
1644357600,1.35434,1.35892,1.35266,1.35329,65377
1644444000,1.35323,1.36435,1.35232,1.35572,107047
1644530400,1.35569,1.36095,1.35141,1.35601,125374
1644789600,1.35435,1.35718,1.34948,1.35302,113220
1644876000,1.35274,1.35666,1.34865,1.35369,93173
1644962400,1.35368,1.36009,1.3527,1.35837,88263
1645048800,1.35831,1.36378,1.35554,1.36155,114888
1645135200,1.36132,1.36428,1.35733,1.35923,90542
1645394400,1.35784,1.36386,1.35784,1.36005,82820
1645480800,1.35982,1.36044,1.35382,1.35853,105989
1645567200,1.35826,1.36204,1.3536,1.35428,92395
1645653600,1.35402,1.35488,1.32731,1.33764,182335
1645740000,1.33754,1.34387,1.33666,1.34096,118744
1645999200,1.33217,1.34317,1.33217,1.34179,133689
1646085600,1.3417,1.34375,1.33021,1.33239,110638
1646172000,1.33224,1.34064,1.32712,1.34046,125789
1646258400,1.34032,1.34178,1.33174,1.33468,107707
1646344800,1.3342,1.33534,1.32022,1.32331,126486
1646604000,1.32129,1.32516,1.31019,1.31033,163249
1646690400,1.31035,1.31444,1.30816,1.30997,166083
1646776800,1.30999,1.319,1.30878,1.31795,116667
1646863200,1.31794,1.31945,1.30808,1.30851,116139
1646949600,1.30835,1.3125,1.30274,1.30363,116078
1647208800,1.3033,1.30788,1.30003,1.30039,104820
1647295200,1.30024,1.30887,1.30001,1.3037,111174
1647381600,1.3036,1.31566,1.30352,1.31456,123973
1647468000,1.31425,1.32109,1.30878,1.31491,100041
1647554400,1.31484,1.31972,1.31104,1.31762,91194
1647813600,1.3169,1.32101,1.31269,1.31642,71170
1647900000,1.31631,1.3274,1.312,1.32601,107225
1647986400,1.32577,1.32986,1.31753,1.32023,88314
1648072800,1.32018,1.32141,1.3157,1.31825,107021
1648159200,1.31803,1.32249,1.31592,1.31837,106448
1648418400,1.31706,1.31839,1.30668,1.30896,113866
1648504800,1.3089,1.316,1.30512,1.30916,130728
1648591200,1.30871,1.31828,1.30823,1.31328,108888
1648677600,1.31313,1.31756,1.31055,1.31354,109298
1648764000,1.31325,1.31506,1.30863,1.31108,94819
1649023200,1.30829,1.31369,1.30829,1.31139,80440
1649109600,1.3112,1.31666,1.30668,1.30724,87316
1649196000,1.30723,1.3108,1.30452,1.30672,109959
1649282400,1.30682,1.31065,1.30516,1.30744,93127
1649368800,1.30745,1.30851,1.29821,1.3033,84731
1649628000,1.30231,1.30565,1.29892,1.30292,95624
1649714400,1.30277,1.30538,1.29938,1.29995,101778
1649800800,1.29992,1.31169,1.29729,1.31163,91258
1649887200,1.31151,1.31474,1.30332,1.30753,95840
1649973600,1.30716,1.30766,1.30461,1.30606,107575
1650232800,1.30445,1.30635,1.30049,1.30133,67584
1650319200,1.30071,1.30408,1.29806,1.29969,86573
1650405600,1.29941,1.30709,1.29876,1.30666,94025
1650492000,1.30668,1.30903,1.30225,1.30292,98250
1650578400,1.30277,1.30349,1.28231,1.28379,103290
1650837600,1.28332,1.28428,1.26975,1.27393,131254
1650924000,1.27372,1.27724,1.25707,1.25733,108405
1651010400,1.25715,1.2602,1.25027,1.25441,114775
1651096800,1.25396,1.25702,1.24113,1.24574,127454
1651183200,1.24559,1.26147,1.24381,1.25765,106735
1651442400,1.25774,1.25968,1.2473,1.24898,99848
1651528800,1.24896,1.25675,1.24703,1.24978,94693
1651615200,1.24979,1.2638,1.2451,1.26345,110968
1651701600,1.2626,1.26345,1.23251,1.23617,132758
1651788000,1.23616,1.23801,1.22757,1.23352,154425
1652047200,1.23475,1.24062,1.22607,1.23288,132787
1652133600,1.2329,1.2376,1.22913,1.23145,141136
1652220000,1.2312,1.24002,1.22374,1.22427,141912
1652306400,1.22463,1.22515,1.21648,1.21961,162435
1652392800,1.21963,1.22598,1.21553,1.22586,112425
1652652000,1.22372,1.23297,1.22172,1.23178,111594
1652738400,1.23177,1.24987,1.23121,1.24878,126599
1652824800,1.24878,1.25007,1.23298,1.23384,105327
1652911200,1.23384,1.25249,1.23268,1.24583,146298
1652997600,1.24594,1.25002,1.24371,1.24907,125251
1653256800,1.24656,1.26009,1.24629,1.25783,108339
1653343200,1.25784,1.2599,1.24712,1.2529,117552
1653429600,1.25283,1.25906,1.24811,1.25722,127675
1653516000,1.25721,1.2621,1.25515,1.26022,112352
1653602400,1.26022,1.26669,1.25702,1.26289,98824
1653861600,1.26081,1.26596,1.26081,1.26502,84370
1653948000,1.26472,1.26531,1.25603,1.26012,118149
1654034400,1.25976,1.26163,1.24586,1.2485,94720
1654120800,1.24835,1.25865,1.24688,1.25762,77914
1654207200,1.25724,1.25894,1.24848,1.24854,70552
1654466400,1.24869,1.25772,1.24755,1.25294,66404
1654552800,1.25307,1.25996,1.24301,1.25902,98676
1654639200,1.25877,1.25974,1.25132,1.25336,90364
1654725600,1.25311,1.25586,1.24872,1.24912,111551
1654812000,1.24879,1.25178,1.23012,1.23103,113100
1655071200,1.23144,1.23195,1.21063,1.21328,155815
1655157600,1.21282,1.22079,1.19335,1.1996,170315
1655244000,1.1995,1.22047,1.19873,1.21785,191045
1655330400,1.21783,1.24061,1.20411,1.23491,181346
1655416800,1.2347,1.23666,1.21723,1.22173,155349
1655676000,1.22096,1.22803,1.21985,1.22508,96794
1655762400,1.2248,1.23241,1.22344,1.22788,105937
1655848800,1.22776,1.23147,1.21612,1.22619,130128
1655935200,1.22582,1.22948,1.21697,1.22612,137208
1656021600,1.22595,1.23212,1.22401,1.22714,110987
1656280800,1.22494,1.23324,1.22379,1.22652,109196
1656367200,1.22643,1.22914,1.21808,1.21817,126044
1656453600,1.2181,1.22126,1.21058,1.21205,144771
1656540000,1.21197,1.21884,1.20919,1.21778,130724
1656626400,1.21725,1.21774,1.19758,1.20932,133604
1656885600,1.2097,1.21652,1.20839,1.2104,87625
1656972000,1.21064,1.21254,1.18986,1.19561,136436
1657058400,1.19541,1.19896,1.18757,1.19226,159522
1657144800,1.19192,1.20297,1.19082,1.20208,124463
1657231200,1.20194,1.20561,1.19192,1.20333,133389
1657490400,1.19989,1.20363,1.18665,1.18912,117130
1657576800,1.18906,1.1916,1.18075,1.18861,144224
1657663200,1.18832,1.19675,1.18272,1.18892,149482
1657749600,1.18863,1.18919,1.176,1.18239,165080
1657836000,1.1821,1.18747,1.18042,1.18632,133687
1658095200,1.18656,1.20334,1.18612,1.19513,117970
1658181600,1.19489,1.20456,1.19243,1.19929,127488
1658268000,1.19931,1.2037,1.19534,1.19743,135119
1658354400,1.19706,1.20041,1.18897,1.19938,158031
1658440800,1.19902,1.20638,1.1916,1.20048,157555
1658700000,1.19799,1.20869,1.196,1.20428,119332
1658786400,1.20398,1.209,1.19637,1.20284,117771
1658872800,1.20256,1.21863,1.20113,1.21558,138094
1658959200,1.21529,1.21917,1.21032,1.21781,136919
1659045600,1.21768,1.22457,1.20632,1.21822,137347
1659304800,1.21574,1.22935,1.21454,1.22483,115473
1659391200,1.22451,1.22786,1.21581,1.21652,142392
1659477600,1.216,1.22079,1.21001,1.21462,129752
1659564000,1.21412,1.22164,1.20647,1.21586,115757
1659650400,1.2155,1.2169,1.20034,1.2073,110316
1659909600,1.20659,1.2138,1.2047,1.20806,84978
1659996000,1.2077,1.21304,1.2063,1.20769,87522
1660082400,1.20736,1.22771,1.20644,1.22141,115710
1660168800,1.22114,1.22494,1.2182,1.22026,120224
1660255200,1.21964,1.22169,1.20999,1.21354,104037
1660514400,1.21089,1.21482,1.20497,1.20535,89307
1660600800,1.20522,1.21178,1.20078,1.20958,100299
1660687200,1.20937,1.21432,1.2028,1.2047,116687
1660773600,1.2044,1.20798,1.19224,1.19295,126874
1660860000,1.19277,1.19368,1.1792,1.18253,123270
1661119200,1.18104,1.18366,1.17421,1.17657,112677
1661205600,1.17637,1.18779,1.17174,1.18334,129823
1661292000,1.18289,1.18382,1.17559,1.17964,119026
1661378400,1.1793,1.18646,1.17832,1.18329,120177
1661464800,1.18316,1.19012,1.17331,1.1738,137007
1661724000,1.17294,1.17443,1.16485,1.1709,132758
1661810400,1.1709,1.17607,1.16215,1.16543,147119
1661896800,1.16462,1.16937,1.15991,1.16206,141996
1661983200,1.16207,1.16221,1.14989,1.15442,160447
1662069600,1.15418,1.15889,1.14957,1.15126,140678
1662328800,1.14797,1.15216,1.14435,1.15167,113177
1662415200,1.15159,1.16094,1.14938,1.15184,159396
1662501600,1.15141,1.15395,1.1405,1.15331,139989
1662588000,1.15316,1.15609,1.14605,1.15012,168540
1662674400,1.14972,1.16482,1.14881,1.15863,142023
1662933600,1.16355,1.17108,1.16005,1.16807,137030
1663020000,1.16807,1.17383,1.14915,1.14919,140890
1663106400,1.14943,1.15898,1.14799,1.15392,148680
1663192800,1.15392,1.15492,1.14616,1.14685,98087
1663279200,1.14685,1.14803,1.13507,1.1423,118491
1663538400,1.14054,1.14416,1.13555,1.14322,80023
1663624800,1.14288,1.14608,1.13574,1.13799,110493
1663711200,1.13763,1.13841,1.12358,1.12681,149020
1663797600,1.12648,1.13649,1.12117,1.12538,176684
1663884000,1.12576,1.12741,1.08388,1.08449,184280
1664143200,1.07948,1.09303,1.03528,1.06895,291253
1664229600,1.06771,1.0838,1.06512,1.0729,221064
1664316000,1.07283,1.09153,1.05395,1.0888,248082
1664402400,1.08859,1.11191,1.07622,1.11162,249544
1664488800,1.11099,1.12346,1.1025,1.11545,255490
1664748000,1.11595,1.13345,1.10859,1.13223,196329
1664834400,1.13186,1.14895,1.12802,1.14737,214489
1664920800,1.14733,1.1496,1.12271,1.13253,193182
1665007200,1.13225,1.13833,1.11131,1.11576,218667
1665093600,1.11557,1.1225,1.10552,1.10863,195032
1665352800,1.10798,1.11109,1.10196,1.1054,198599
1665439200,1.10525,1.11799,1.09519,1.09667,251276
1665525600,1.09627,1.11335,1.0923,1.10982,277888
1665612000,1.10983,1.13805,1.10575,1.13227,227691
1665698400,1.13105,1.13661,1.11521,1.11781,215687
1665957600,1.12108,1.144,1.12089,1.13581,261552
1666044000,1.13559,1.14102,1.12555,1.13217,295361
1666130400,1.1313,1.13584,1.11846,1.12166,268783
1666216800,1.12156,1.13367,1.11714,1.1235,319483
1666303200,1.12324,1.13143,1.10607,1.12932,296608
1666562400,1.13793,1.14083,1.12579,1.12767,275746
1666648800,1.12712,1.14994,1.12695,1.14693,230942
1666735200,1.14693,1.16389,1.14302,1.16267,251332
1666821600,1.16162,1.16451,1.1549,1.15629,191294
1666908000,1.15574,1.16233,1.15035,1.16141,186983
1667167200,1.15858,1.16134,1.14507,1.14663,198063
1667253600,1.14662,1.15663,1.1437,1.14881,218701
1667340000,1.14873,1.15645,1.13836,1.13896,241864
1667426400,1.13895,1.14218,1.11503,1.11597,232113
1667512800,1.11599,1.13817,1.11475,1.13734,252455
1667772000,1.13094,1.15414,1.12904,1.15133,233210
1667858400,1.151,1.15991,1.14297,1.15428,200241
1667944800,1.15362,1.1567,1.13334,1.13548,180422
1668031200,1.13517,1.17309,1.13335,1.17138,186326
1668117600,1.17035,1.18549,1.1647,1.18321,229093
1668376800,1.17963,1.18289,1.171,1.17572,270777
1668463200,1.17541,1.20296,1.17404,1.18651,283590
1668549600,1.18613,1.1942,1.1831,1.19133,285212
1668636000,1.19088,1.1958,1.17628,1.18609,263586
1668722400,1.18603,1.19508,1.18544,1.18844,246543
1668981600,1.18914,1.18992,1.17781,1.18233,211845
1669068000,1.18169,1.19024,1.18151,1.18831,220317
1669154400,1.18832,1.20809,1.18725,1.20532,222198
1669240800,1.20497,1.21535,1.20471,1.21163,213915
1669327200,1.21092,1.21275,1.20579,1.20913,169065
1669586400,1.20565,1.21181,1.19401,1.19554,264450
1669672800,1.19539,1.20644,1.19446,1.19517,221952
1669759200,1.19482,1.20866,1.19002,1.2055,183733
1669845600,1.20555,1.23109,1.20486,1.2255,194312
1669932000,1.22512,1.22999,1.21345,1.22905,170817
1670191200,1.22632,1.23441,1.21612,1.21906,147061
1670277600,1.21864,1.22693,1.21273,1.21318,141927
1670364000,1.21296,1.22344,1.21067,1.22034,122042
1670450400,1.22015,1.2247,1.21548,1.22363,81570
1670536800,1.22324,1.23225,1.22042,1.22606,103442
1670796000,1.22519,1.22989,1.22073,1.22656,88158
1670882400,1.22664,1.24438,1.2248,1.23644,136217
1670968800,1.23625,1.24464,1.23416,1.24256,129629
1671055200,1.24166,1.24313,1.21561,1.21759,124364
1671141600,1.21757,1.22227,1.21196,1.21531,108894
1671400800,1.21376,1.22421,1.21203,1.21458,113002
1671487200,1.2148,1.22232,1.20852,1.21825,144185
1671573600,1.21794,1.21923,1.20551,1.20828,98343
1671660000,1.20786,1.21473,1.19924,1.20378,96800
1671746400,1.20365,1.20902,1.20018,1.20478,95509
1672005600,1.2054,1.20784,1.20468,1.20615,4543
1672092000,1.20615,1.21123,1.20023,1.20319,72779
1672178400,1.20264,1.21259,1.20022,1.20175,75450
1672264800,1.20152,1.20785,1.20101,1.20553,75005
1672351200,1.20528,1.21076,1.20096,1.20907,100247
1672610400,1.20782,1.20783,1.2035,1.20458,15633
1672696800,1.20432,1.20848,1.19003,1.19655,109037
1672783200,1.19616,1.20876,1.19572,1.20532,113740
1672869600,1.20523,1.20778,1.18732,1.19128,113705
1672956000,1.19098,1.20991,1.18414,1.20945,126757
1673215200,1.2077,1.221,1.2076,1.21836,116394
1673301600,1.21842,1.21982,1.21099,1.21495,105238
1673388000,1.21466,1.21781,1.21003,1.21483,91668
1673474400,1.21436,1.22466,1.20882,1.22079,134420
1673560800,1.22069,1.22484,1.21507,1.22351,113371
1673820000,1.221,1.2289,1.21716,1.21917,82008
1673906400,1.21901,1.23,1.21693,1.22875,125530
1673992800,1.22862,1.24359,1.22538,1.23467,142615
1674079200,1.23467,1.23973,1.2313,1.23882,113543
1674165600,1.2388,1.24041,1.23353,1.23993,92829
1674424800,1.23978,1.24477,1.23234,1.23758,93841
1674511200,1.23742,1.24138,1.2263,1.23343,92466
1674597600,1.23282,1.24039,1.2283,1.23995,83984
1674684000,1.23974,1.24302,1.23445,1.24078,81878
1674770400,1.24082,1.24184,1.23453,1.23976,71658
1675029600,1.23897,1.24173,1.2337,1.23495,75822
1675116000,1.23456,1.23707,1.22842,1.23191,81118
1675202400,1.23151,1.23947,1.22724,1.23733,96223
1675288800,1.23718,1.2401,1.22214,1.22237,117394
1675375200,1.22236,1.22654,1.20471,1.20506,148293
1675634400,1.20297,1.20774,1.20056,1.20171,149189
1675720800,1.20197,1.20954,1.19611,1.20469,170586
1675807200,1.20433,1.21096,1.203,1.20698,144061
1675893600,1.20662,1.21937,1.20566,1.212,157515
1675980000,1.21175,1.21393,1.2047,1.20578,162369
1676239200,1.2063,1.2152,1.20308,1.21381,134746
1676325600,1.21342,1.22703,1.21171,1.21729,193813
1676412000,1.21669,1.21814,1.19894,1.2032,168308
1676498400,1.20237,1.20742,1.19652,1.19907,179158
1676584800,1.19878,1.20493,1.19149,1.20401,156669
1676844000,1.20227,1.20569,1.20144,1.20383,100002
1676930400,1.20369,1.21476,1.1986,1.21112,134269
1677016800,1.21115,1.21353,1.20344,1.20456,125010
1677103200,1.20437,1.20749,1.19921,1.20135,116850
1677189600,1.20105,1.20421,1.19283,1.19392,133940
1677448800,1.195,1.20658,1.19226,1.20619,104006
1677535200,1.20615,1.21431,1.20209,1.20214,120400
1677621600,1.20215,1.2089,1.1965,1.20257,142064
1677708000,1.20256,1.20362,1.19249,1.19478,125256
1677794400,1.19472,1.20484,1.19319,1.20435,112211
1678053600,1.20207,1.20489,1.19927,1.20262,83615
1678140000,1.20245,1.20653,1.18212,1.18266,121180
1678226400,1.18249,1.18591,1.1803,1.18429,83361
1678312800,1.18428,1.19388,1.18238,1.19217,85135
1678399200,1.19213,1.21136,1.19075,1.20311,170240
1678658400,1.20868,1.21997,1.20465,1.21819,272578
1678744800,1.2186,1.22041,1.21355,1.21518,221584
1678831200,1.21518,1.21815,1.20103,1.20412,236607
1678917600,1.20411,1.21277,1.20271,1.21062,209765
1679004000,1.21062,1.22006,1.21018,1.21761,156660
1679263200,1.22033,1.22849,1.2167,1.22729,145537
1679349600,1.22729,1.22824,1.21786,1.22178,112887
1679436000,1.22143,1.23353,1.22083,1.22643,135950
1679522400,1.22643,1.23435,1.22612,1.22881,139468
1679608800,1.22884,1.2292,1.21902,1.22307,152748
1679868000,1.22265,1.22932,1.22191,1.22878,127816
1679954400,1.22865,1.23492,1.22751,1.23385,122801
1680040800,1.23388,1.23616,1.23025,1.23166,130873
1680127200,1.23136,1.23929,1.22935,1.23872,108099
1680213600,1.23866,1.24227,1.23243,1.23308,112389
1680472800,1.23247,1.24233,1.22745,1.24172,122479
1680559200,1.24165,1.25253,1.2395,1.2501,117927
1680645600,1.24981,1.25144,1.24326,1.24595,116571
1680732000,1.24594,1.24868,1.24126,1.24379,96869
1680818400,1.24369,1.24559,1.2389,1.24164,79004
1681077600,1.2413,1.24424,1.23443,1.23824,88477
1681164000,1.23809,1.24564,1.23769,1.24257,115791
1681250400,1.24237,1.24952,1.23982,1.24844,81923
1681336800,1.24824,1.25375,1.24759,1.25237,94491
1681423200,1.25213,1.25461,1.23991,1.24137,117485
1681682400,1.24022,1.24383,1.23532,1.23769,109162
1681768800,1.23757,1.24499,1.23602,1.24254,97430
1681855200,1.24231,1.24742,1.23922,1.24375,101319
1681941600,1.24384,1.24677,1.24046,1.24432,100409
1682028000,1.24414,1.24481,1.23668,1.24436,97904
1682287200,1.24384,1.24855,1.24106,1.24836,93088
1682373600,1.24847,1.25068,1.23866,1.24109,104118
1682460000,1.24082,1.25154,1.24011,1.24697,118812
1682546400,1.24667,1.25,1.2436,1.24987,118930
1682632800,1.24963,1.25838,1.24464,1.25675,136287
1682892000,1.2555,1.25699,1.24804,1.24934,92638
1682978400,1.24937,1.2512,1.24357,1.24679,119853
1683064800,1.24663,1.25899,1.24599,1.25634,114360
1683151200,1.2563,1.25986,1.25385,1.25723,134439
1683237600,1.25711,1.26526,1.256,1.2631,94094
1683496800,1.2629,1.26687,1.26129,1.2619,75982
1683583200,1.26168,1.26397,1.2578,1.26212,100165
1683669600,1.26197,1.26798,1.26025,1.26252,91216
1683756000,1.26237,1.26405,1.24965,1.25129,107266
1683842400,1.25105,1.25409,1.24446,1.24481,91259
1684101600,1.2446,1.25345,1.24432,1.25268,76632
1684188000,1.25266,1.25465,1.24653,1.24833,86989
1684274400,1.24831,1.25103,1.24216,1.24857,89580
1684360800,1.24846,1.24928,1.23916,1.24077,90905
1684447200,1.24073,1.24843,1.23917,1.24461,97946
1684706400,1.2438,1.2472,1.24138,1.24374,93543
1684792800,1.24353,1.24463,1.23728,1.24156,104439
1684879200,1.24132,1.24695,1.23576,1.23659,114205
1684965600,1.23633,1.2387,1.23079,1.23207,100139
1685052000,1.23203,1.23953,1.23107,1.23503,109549
1685311200,1.23325,1.23719,1.2332,1.23554,57187
1685397600,1.23516,1.24465,1.23271,1.2412,106159
1685484000,1.24108,1.24433,1.23479,1.24427,118956
1685570400,1.2438,1.25396,1.24007,1.25258,114068
1685656800,1.25246,1.25445,1.24413,1.245,106951
1685916000,1.24422,1.24535,1.23682,1.24341,104443
1686002400,1.2432,1.24587,1.23915,1.24223,97322
1686088800,1.24223,1.25001,1.2395,1.24381,102659
1686175200,1.2436,1.25607,1.24243,1.25579,104057
1686261600,1.2559,1.25903,1.2534,1.25795,92564
1686520800,1.2557,1.25994,1.24868,1.25133,90041
1686607200,1.25103,1.26248,1.24931,1.26108,114364
1686693600,1.261,1.2699,1.25905,1.26606,113716
1686780000,1.26598,1.27855,1.26294,1.27834,102753
1686866400,1.27834,1.28482,1.27681,1.28202,108826
1687125600,1.28175,1.28367,1.27705,1.2787,79980
1687212000,1.27911,1.28064,1.27135,1.27636,125768
1687298400,1.27639,1.28027,1.26911,1.27675,136256
1687384800,1.27683,1.28448,1.27256,1.27463,130000
1687471200,1.27407,1.27488,1.26847,1.27143,125923
1687730400,1.27074,1.27486,1.26878,1.27108,128194
1687816800,1.27073,1.27594,1.27033,1.27483,156915
1687903200,1.27485,1.27518,1.26064,1.26345,147629
1687989600,1.26348,1.26669,1.2591,1.26119,139744
1688076000,1.26129,1.27276,1.25993,1.2693,121128
1688335200,1.26849,1.27232,1.26583,1.26907,85384
1688421600,1.26911,1.27391,1.26748,1.27091,50935
1688508000,1.2709,1.27353,1.2688,1.27036,76119
1688594400,1.26906,1.27808,1.26734,1.27395,125803
1688680800,1.27312,1.28494,1.27257,1.28383,104366
1688940000,1.28256,1.28682,1.27501,1.28607,88047
1689026400,1.28563,1.29349,1.28507,1.293,98794
1689112800,1.29321,1.30007,1.2904,1.29868,120108
1689199200,1.29856,1.31409,1.29746,1.31348,111697
1689285600,1.31291,1.31422,1.30934,1.30979,111755
1689544800,1.30824,1.31089,1.30509,1.30725,85198
1689631200,1.30725,1.31256,1.3028,1.30343,112799
1689717600,1.3034,1.30414,1.28674,1.29391,130515
1689804000,1.29387,1.29642,1.28398,1.28665,98110
1689890400,1.28663,1.2904,1.28158,1.28517,81710
1690149600,1.2849,1.28838,1.27978,1.28247,108562
1690236000,1.28208,1.29046,1.28075,1.29019,90867
1690322400,1.29014,1.296,1.28751,1.29405,105156
1690408800,1.2941,1.29958,1.27817,1.27955,136898
1690495200,1.27938,1.28882,1.27629,1.28457,139957
1690754400,1.28328,1.28723,1.28283,1.28343,69792
1690840800,1.28343,1.28407,1.27412,1.2774,88634
1690927200,1.27746,1.28049,1.26801,1.2709,101035
1691013600,1.27106,1.27277,1.262,1.27079,125797
1691100000,1.27125,1.27921,1.26826,1.27443,102455
1691359200,1.2753,1.27889,1.27129,1.27827,71889
1691445600,1.27829,1.27851,1.2684,1.27472,87589
1691532000,1.27446,1.2782,1.27119,1.27181,77441
1691618400,1.27167,1.28188,1.26693,1.26756,114396
1691704800,1.26737,1.27385,1.26618,1.26918,84558
1691964000,1.2697,1.27148,1.26164,1.26811,91411
1692050400,1.26783,1.27523,1.26667,1.27033,114707
1692136800,1.27033,1.27662,1.26847,1.27305,97851
1692223200,1.27304,1.27873,1.27023,1.27459,103909
1692309600,1.27454,1.27657,1.26888,1.27309,99448
1692568800,1.2733,1.27666,1.27101,1.27554,91460
1692655200,1.27471,1.28003,1.27183,1.27313,85744
1692741600,1.2732,1.27646,1.26145,1.2725,114852
1692828000,1.27158,1.27284,1.25906,1.26005,88806
1692914400,1.25961,1.26551,1.25477,1.25768,116650
1693173600,1.25693,1.26107,1.25653,1.2601,68001
1693260000,1.26004,1.26546,1.25626,1.26433,101979
1693346400,1.26433,1.27463,1.26187,1.27201,96330
1693432800,1.2717,1.27342,1.26525,1.26734,92427
1693519200,1.26728,1.27129,1.25771,1.25845,118877
1693778400,1.259,1.26425,1.25823,1.26235,43969
1693864800,1.26208,1.26315,1.25279,1.25635,102141
1693951200,1.25623,1.25876,1.24817,1.25062,96657
1694037600,1.25056,1.25081,1.24454,1.24709,85560
1694124000,1.24725,1.25142,1.24509,1.24642,78840
1694383200,1.24628,1.25481,1.24608,1.25095,82743
1694469600,1.25088,1.25301,1.24594,1.24849,66806
1694556000,1.24886,1.25116,1.24343,1.24897,103447
1694642400,1.24827,1.25061,1.23962,1.24077,107090
1694728800,1.24069,1.24456,1.23785,1.23809,71255
1694988000,1.23762,1.24105,1.23701,1.23813,55461
1695074400,1.23832,1.2425,1.23672,1.23908,59887
1695160800,1.23842,1.24212,1.23317,1.23428,86237
1695247200,1.23423,1.23472,1.22342,1.22935,95006
1695333600,1.2294,1.22967,1.22305,1.22339,66825
1695592800,1.22399,1.22527,1.21937,1.22106,51793
1695679200,1.22111,1.22155,1.21516,1.21577,52279
1695765600,1.21593,1.21642,1.21103,1.21346,64165
1695852000,1.21349,1.22246,1.21201,1.22027,62731
1695938400,1.21893,1.22718,1.21803,1.22011,67689
1696197600,1.21791,1.22199,1.20855,1.20864,56662
1696284000,1.2087,1.21019,1.20523,1.20765,74294
1696370400,1.20681,1.21769,1.20373,1.21333,67918
1696456800,1.21329,1.21957,1.21076,1.21917,96229
1696543200,1.21908,1.22612,1.21057,1.22346,120593
1696802400,1.22001,1.2244,1.2163,1.22375,97308
1696888800,1.22368,1.22915,1.22118,1.22852,108143
1696975200,1.22775,1.23375,1.22607,1.2312,136459
1697061600,1.23129,1.23314,1.2171,1.21742,153145
1697148000,1.21705,1.22253,1.21224,1.21399,131927
1697407200,1.2138,1.22191,1.21279,1.22166,131408
1697493600,1.22043,1.22161,1.21327,1.21822,131140
1697580000,1.21824,1.2211,1.21368,1.21406,137173
1697666400,1.21398,1.21915,1.20899,1.21428,167145
1697752800,1.21424,1.217,1.2093,1.2163,127096
1698012000,1.2154,1.22583,1.21432,1.22481,117617
1698098400,1.22458,1.22884,1.21531,1.21589,123954
1698184800,1.21546,1.21758,1.21068,1.21112,124133
1698271200,1.21112,1.21394,1.20694,1.21277,121273
1698357600,1.2128,1.21625,1.21054,1.21166,120945
1698616800,1.21225,1.21744,1.20899,1.21622,97578
1698703200,1.21621,1.22004,1.21195,1.21469,129159
1698789600,1.21468,1.21643,1.20955,1.21478,154171
1698876000,1.21469,1.22254,1.21466,1.22,122037
1698962400,1.22014,1.23895,1.2184,1.23788,158566
1699221600,1.23661,1.24282,1.23375,1.23433,85734
1699308000,1.2344,1.2348,1.22623,1.22985,66081
1699394400,1.22994,1.23025,1.22417,1.22835,69003
1699480800,1.22836,1.23085,1.22122,1.22214,84259
1699567200,1.22196,1.22379,1.21868,1.22258,103351
1699826400,1.22039,1.22798,1.21979,1.22768,101297
1699912800,1.22616,1.25054,1.22473,1.24985,149882
1699999200,1.24988,1.25012,1.24035,1.24144,141580
1700085600,1.2415,1.24557,1.23762,1.24128,88259
1700172000,1.24114,1.24642,1.23739,1.246,79790
1700431200,1.24455,1.25175,1.24431,1.25039,70509
1700517600,1.2497,1.25592,1.2494,1.25373,80836
1700604000,1.25292,1.2549,1.24488,1.24928,78899
1700690400,1.24899,1.25743,1.24829,1.2533,29220
1700776800,1.25282,1.26153,1.25223,1.25956,32110
1701036000,1.25978,1.2644,1.25905,1.26264,38323
1701122400,1.2627,1.27148,1.26068,1.26931,46706
1701208800,1.26898,1.27326,1.26647,1.26926,48325
1701295200,1.26909,1.27106,1.2603,1.26224,53319
1701381600,1.2621,1.27159,1.26119,1.27096,49403
1701640800,1.26897,1.27243,1.26038,1.2632,51632
1701727200,1.26321,1.26515,1.25772,1.25928,50571
1701813600,1.25918,1.26136,1.25515,1.2558,41424
1701900000,1.25592,1.26117,1.25445,1.25918,48507
1701986400,1.25889,1.26012,1.25025,1.25461,53087
1702245600,1.25436,1.25909,1.25235,1.25546,36925
1702332000,1.2554,1.26161,1.25142,1.25622,42498
1702418400,1.25621,1.26345,1.25001,1.26176,47165
1702504800,1.26175,1.2794,1.26101,1.27644,67715
1702591200,1.27649,1.27905,1.26684,1.26773,173521
1702850400,1.2675,1.2704,1.26284,1.26472,178372
1702936800,1.26435,1.2762,1.26197,1.27297,206942
1703023200,1.27245,1.27329,1.26241,1.26376,209416
1703109600,1.26302,1.26957,1.26123,1.26882,217705
1703196000,1.26845,1.27444,1.2667,1.26955,207167
1703455200,1.26882,1.27055,1.26813,1.2702,96
1703541600,1.26811,1.27304,1.26808,1.27234,103317
1703628000,1.27131,1.28029,1.26985,1.27977,149676
1703714400,1.27915,1.28278,1.27124,1.27315,168765
1703800800,1.27293,1.27727,1.27004,1.27301,205015
1704146400,1.2721,1.27601,1.26107,1.2616,219509
1704232800,1.26149,1.26767,1.26096,1.26642,237702
1704319200,1.26639,1.273,1.26517,1.26814,205876
1704405600,1.26758,1.27711,1.26112,1.27176,256974
1704664800,1.27101,1.2767,1.26734,1.27474,164464
1704751200,1.27467,1.27649,1.26892,1.27065,174930
1704837600,1.27059,1.27441,1.2686,1.27413,160802
1704924000,1.27415,1.2783,1.269,1.2753,284996
1705010400,1.2743,1.27858,1.27193,1.27516,226931
1705269600,1.27327,1.27653,1.27128,1.27268,133971
1705356000,1.27264,1.27286,1.26192,1.26358,266246
1705442400,1.2635,1.26965,1.25964,1.26759,246408
1705528800,1.26755,1.27077,1.2648,1.27051,248350
1705615200,1.27056,1.27147,1.26611,1.27032,212963
1705874400,1.26807,1.2733,1.26776,1.27082,191697
1705960800,1.2703,1.27475,1.26488,1.26858,208446
1706047200,1.26862,1.2775,1.2663,1.27246,249671
1706133600,1.27233,1.27428,1.26815,1.27073,239940
1706220000,1.2707,1.27585,1.26754,1.2699,185040
1706479200,1.26851,1.2719,1.26619,1.27074,167941
1706565600,1.27065,1.27211,1.264,1.26982,183679
1706652000,1.26981,1.27509,1.26579,1.26869,303924
1706738400,1.26789,1.27556,1.2625,1.27429,248869
1706824800,1.27408,1.27726,1.26138,1.26302,210364
1707084000,1.26476,1.26476,1.25181,1.2536,208454
1707170400,1.25322,1.2603,1.25249,1.25959,139798
1707256800,1.25934,1.26418,1.25839,1.26247,104478
1707343200,1.26246,1.26385,1.25717,1.2617,106993
1707429600,1.26157,1.26428,1.25989,1.2627,90792
1707688800,1.26169,1.26547,1.26059,1.26287,83104
1707775200,1.26288,1.26881,1.2573,1.25916,108873
1707861600,1.25896,1.26111,1.25354,1.2562,106972
1707948000,1.25647,1.2601,1.25405,1.25994,95832
1708034400,1.25961,1.26245,1.25505,1.25996,100132
1708293600,1.2599,1.26298,1.25832,1.25936,67838
1708380000,1.25935,1.26686,1.25789,1.26215,105208
1708466400,1.26218,1.26419,1.26025,1.26361,100621
1708552800,1.26348,1.27096,1.26114,1.26602,106504
1708639200,1.266,1.27014,1.26478,1.26705,92205
1708898400,1.2674,1.26996,1.26562,1.26828,82285
1708984800,1.26829,1.26969,1.26601,1.2681,111520
1709071200,1.26841,1.26867,1.26214,1.26582,97433
1709157600,1.26608,1.26819,1.26123,1.26207,114428
1709244000,1.26238,1.26639,1.25994,1.26509,111737
1709503200,1.26436,1.27066,1.26436,1.26889,83323
1709589600,1.26907,1.27348,1.26712,1.27043,86728
1709676000,1.2704,1.27615,1.26896,1.27294,105077
1709762400,1.27302,1.28109,1.27227,1.28069,97029
1709848800,1.28074,1.28939,1.27997,1.28562,103251
1710108000,1.28523,1.2862,1.27949,1.28123,94592
1710194400,1.28123,1.28235,1.2746,1.27888,65765
1710280800,1.27888,1.28111,1.27746,1.27955,38306
1710367200,1.27955,1.28228,1.27306,1.27523,43558
1710453600,1.27523,1.27585,1.27253,1.27318,35708
1710712800,1.27288,1.27467,1.27179,1.27244,31740
1710799200,1.27229,1.27328,1.26676,1.27185,42703
1710885600,1.27185,1.27866,1.26844,1.27834,43854
1710972000,1.27816,1.28033,1.26503,1.26547,48803
1711058400,1.26543,1.26748,1.25753,1.25986,38072
1711317600,1.25952,1.26521,1.25878,1.26356,30383
1711404000,1.26338,1.26679,1.26218,1.26282,31901
1711490400,1.26258,1.26408,1.26055,1.26338,33485
1711576800,1.26338,1.26544,1.25857,1.26191,36600
1711663200,1.26191,1.26446,1.26092,1.26167,7418
1711922400,1.25715,1.26419,1.25394,1.25506,29420
1712008800,1.25509,1.25782,1.25393,1.25768,35950
1712095200,1.25768,1.26555,1.25626,1.26519,38420
1712181600,1.26494,1.26835,1.26349,1.26415,34374
1712268000,1.26411,1.26481,1.25746,1.2637,43733
1712527200,1.2625,1.26637,1.26133,1.26542,40811
1712613600,1.26541,1.27093,1.26335,1.26771,37368
1712700000,1.26751,1.27079,1.25202,1.25394,51191
1712786400,1.25367,1.25784,1.25108,1.25499,52246
1712872800,1.25518,1.25584,1.24266,1.24481,52297
1713132000,1.2445,1.24985,1.24309,1.24452,59675
1713218400,1.24447,1.24718,1.24054,1.2426,60611
1713304800,1.24244,1.24819,1.24168,1.24534,55670
1713391200,1.2451,1.24843,1.2433,1.2436,55623
1713477600,1.24319,1.2468,1.23665,1.23684,78406
1713736800,1.2366,1.23919,1.22996,1.23493,34825
1713823200,1.23497,1.24584,1.23316,1.2448,37562
1713909600,1.24434,1.24698,1.24226,1.24627,29991
1713996000,1.2463,1.25275,1.24393,1.25126,38382
1714082400,1.25113,1.25409,1.24491,1.24927,38246
1714341600,1.248,1.25694,1.24618,1.25622,40311
1714428000,1.25623,1.25637,1.24895,1.24911,37591
1714514400,1.2487,1.25498,1.24661,1.25252,37537
1714600800,1.2524,1.25443,1.24719,1.25334,45346
1714687200,1.25283,1.26338,1.25075,1.25452,43068
1714946400,1.2544,1.25943,1.25307,1.25613,27473
1715032800,1.25641,1.25702,1.25004,1.25079,33150
1715119200,1.25064,1.25104,1.24676,1.24973,30994
1715205600,1.24969,1.25265,1.24458,1.25231,33308
1715292000,1.25228,1.2541,1.25025,1.25234,33291
1715551200,1.2514,1.25687,1.25098,1.25587,29442
1715637600,1.25552,1.25928,1.25091,1.25909,33320
1715724000,1.25886,1.26861,1.25737,1.26848,34817
1715810400,1.26844,1.27004,1.26435,1.26686,33727
1715896800,1.26688,1.27115,1.2645,1.27001,28396
1716156000,1.2686,1.27251,1.26847,1.27055,29431
1716242400,1.27031,1.27268,1.26864,1.27082,30990
1716328800,1.2707,1.27613,1.27002,1.2716,37631
1716415200,1.27159,1.27466,1.26852,1.26973,42225
1716501600,1.26968,1.27508,1.26716,1.27364,35708
1716760800,1.2734,1.27776,1.27269,1.27679,18160
1716847200,1.27683,1.28006,1.2754,1.27607,33604
1716933600,1.27609,1.27715,1.26985,1.27003,38855
1717020000,1.26985,1.27471,1.26811,1.27316,37689
1717106400,1.27291,1.2766,1.27002,1.27407,42295
1717365600,1.27335,1.2808,1.26946,1.2807,40447
1717452000,1.28068,1.28172,1.2743,1.27699,42309
1717538400,1.27711,1.27949,1.27415,1.27857,36507
1717624800,1.27851,1.28089,1.27627,1.27894,34299
1717711200,1.27836,1.28115,1.27149,1.27149,40595
1717970400,1.27267,1.27369,1.26882,1.27301,34978
1718056800,1.27302,1.27511,1.27048,1.27397,36815
1718143200,1.27379,1.28605,1.27266,1.27976,43457
1718229600,1.27976,1.28076,1.27386,1.27617,40397
1718316000,1.27596,1.27632,1.26568,1.26852,44303
1718575200,1.26823,1.27093,1.26588,1.27043,36878
1718661600,1.27011,1.2721,1.26688,1.27082,38917
1718748000,1.27074,1.27399,1.26885,1.27166,25892
1718834400,1.27169,1.27225,1.26547,1.26565,35309
1718920800,1.26565,1.26731,1.26224,1.26405,35361
1719180000,1.2641,1.26978,1.26295,1.26828,33192
1719266400,1.26829,1.27025,1.2666,1.26844,31138
1719352800,1.26856,1.26937,1.26155,1.26214,36636
1719439200,1.26175,1.26704,1.26125,1.26388,36048
1719525600,1.26365,1.26626,1.26196,1.26442,41019
1719784800,1.2651,1.27092,1.26332,1.26495,38683
1719871200,1.26464,1.26526,1.26154,1.26324,11713
1719957600,1.26841,1.2777,1.26663,1.2741,29831
1720044000,1.27455,1.27674,1.27299,1.27575,21282
1720130400,1.27585,1.2817,1.27522,1.28135,34330
1720389600,1.2796,1.28455,1.27839,1.28059,30884
1720476000,1.28042,1.28253,1.27779,1.27854,30964
1720562400,1.27833,1.28488,1.27788,1.28477,28542
1720648800,1.28476,1.29487,1.28454,1.29137,37694
1720735200,1.2913,1.29905,1.29021,1.29875,38505
1720994400,1.29636,1.29946,1.29615,1.29666,36238
1721080800,1.2967,1.29798,1.29383,1.29724,34429
1721167200,1.29727,1.3044,1.29603,1.30085,40207
1721253600,1.30081,1.30126,1.29404,1.29429,41129
1721340000,1.29417,1.2951,1.29011,1.29112,36620
1721599200,1.2919,1.2942,1.29047,1.2932,34784
1721685600,1.29313,1.29349,1.2888,1.29067,33167
1721772000,1.29062,1.29373,1.28777,1.29061,35599
1721858400,1.29053,1.29137,1.28491,1.28505,45960
1721944800,1.28486,1.28779,1.2847,1.28638,32943
1722204000,1.2859,1.28881,1.28068,1.28611,32618
1722290400,1.28582,1.2866,1.282,1.28345,33281
1722376800,1.28338,1.28641,1.28203,1.2855,48893
1722463200,1.28545,1.28627,1.27267,1.27366,46883
1722549600,1.27391,1.28399,1.27072,1.28036,52430
1722808800,1.28006,1.28166,1.27104,1.27732,78718
1722895200,1.27737,1.28031,1.26728,1.26906,65914
1722981600,1.26906,1.27355,1.26628,1.26897,55260
1723068000,1.26852,1.27523,1.26648,1.27479,47906
1723154400,1.27455,1.27734,1.2726,1.27569,39362
1723413600,1.2765,1.27935,1.27468,1.27649,32803
1723500000,1.27648,1.28726,1.2758,1.28606,36636
1723586400,1.28619,1.28682,1.28147,1.28292,37339
1723672800,1.28283,1.28711,1.27987,1.28525,33411
1723759200,1.28537,1.29457,1.28423,1.29425,29727
1724018400,1.29405,1.29968,1.29204,1.29883,32367
1724104800,1.29835,1.30522,1.2974,1.30322,33695
1724191200,1.30323,1.3119,1.30107,1.30873,37900
1724277600,1.30896,1.31305,1.30763,1.30895,35086
1724364000,1.30872,1.32298,1.30837,1.32129,39654
1724623200,1.3207,1.32218,1.31796,1.31855,34821
1724709600,1.31876,1.32658,1.31769,1.32598,35491
1724796000,1.32541,1.32623,1.31677,1.31901,40105
1724882400,1.31904,1.32265,1.31451,1.31676,44328
1724968800,1.31682,1.31995,1.31094,1.31242,40004
1725228000,1.3131,1.31549,1.31181,1.3145,22722
1725314400,1.31406,1.31487,1.30875,1.31118,42756
1725400800,1.31122,1.31749,1.31008,1.31435,42195
1725487200,1.3144,1.3185,1.31368,1.31781,45040
1725573600,1.31759,1.32377,1.31097,1.31266,51945
1725832800,1.31177,1.31428,1.30675,1.30729,42662
1725919200,1.3072,1.31074,1.30492,1.30793,38316
1726005600,1.30789,1.3111,1.30018,1.30417,47214
1726092000,1.30425,1.31269,1.30318,1.3122,45250
1726178400,1.31223,1.31575,1.31146,1.31212,43878
1726437600,1.3125,1.32178,1.31167,1.32151,36573
1726524000,1.32141,1.32293,1.31459,1.31601,42061
1726610400,1.31586,1.32975,1.31508,1.32126,48163
1726696800,1.32121,1.33139,1.31531,1.32834,55945
1726783200,1.32774,1.334,1.32678,1.33186,50395
1727042400,1.33182,1.33589,1.32482,1.33454,45738
1727128800,1.33378,1.34155,1.33316,1.3412,47665
1727215200,1.34108,1.34294,1.33123,1.33226,49855
1727301600,1.33174,1.3434,1.33111,1.34133,48278
1727388000,1.341,1.34271,1.33598,1.33714,51341
1727647200,1.337,1.34227,1.33499,1.33727,49597
1727733600,1.33725,1.3389,1.32369,1.32848,59922
1727820000,1.32846,1.33049,1.32457,1.3266,45900
1727906400,1.32671,1.32824,1.3092,1.31228,55930
1727992800,1.31212,1.31745,1.30695,1.31234,49326
1728252000,1.3119,1.31341,1.30591,1.30814,47029
1728338400,1.3081,1.31131,1.3064,1.31028,48396
1728424800,1.31023,1.31043,1.30554,1.30687,43265
1728511200,1.3068,1.30937,1.30211,1.30563,46025
1728597600,1.30572,1.30829,1.30355,1.3062,35120
1728856800,1.30626,1.30717,1.30298,1.30575,38146
1728943200,1.30507,1.31026,1.30353,1.30722,40234
1729029600,1.30697,1.30772,1.29767,1.29889,39662
1729116000,1.29895,1.3023,1.29735,1.30087,46200
1729202400,1.30048,1.30704,1.29985,1.30471,41792
1729461600,1.30469,1.30576,1.2977,1.29829,34168
1729548000,1.29821,1.30146,1.29445,1.29826,37103
1729634400,1.29827,1.29946,1.2907,1.292,42627
1729720800,1.29183,1.29874,1.29085,1.29744,44582
1729807200,1.29746,1.29983,1.29528,1.296,35978
1730066400,1.29614,1.30013,1.29394,1.29684,40429
1730152800,1.29693,1.30155,1.29578,1.3007,46894
1730239200,1.30072,1.30431,1.29364,1.29624,51225
1730325600,1.29627,1.29994,1.28433,1.28897,50288
1730412000,1.28889,1.29799,1.28843,1.29142,46947
1730671200,1.29656,1.29985,1.2934,1.29564,48838
1730757600,1.29556,1.30417,1.29479,1.30408,40117
1730844000,1.30386,1.30476,1.28341,1.28768,91500
1730930400,1.28733,1.30089,1.28693,1.29837,58923
1731016800,1.29832,1.2989,1.28832,1.29163,52627
1731276000,1.29078,1.29257,1.28559,1.28673,41256
1731362400,1.28653,1.28733,1.2719,1.27466,54783
1731448800,1.27407,1.2769,1.26863,1.27065,53300
1731535200,1.27037,1.27198,1.26297,1.26639,54839
1731621600,1.26648,1.26965,1.25969,1.26171,56922
1731880800,1.26169,1.26864,1.2598,1.26771,46464
1731967200,1.26704,1.26892,1.2613,1.26807,51198
1732053600,1.26759,1.27143,1.26306,1.26487,44850
1732140000,1.26472,1.26597,1.25762,1.25883,47494
1732226400,1.25886,1.25939,1.2487,1.2528,56102
1732485600,1.25894,1.2613,1.25414,1.25674,53442
1732572000,1.25662,1.2616,1.25069,1.25675,63106
1732658400,1.25685,1.26936,1.25659,1.26772,52584
1732744800,1.26729,1.26908,1.2645,1.26838,35408
1732831200,1.26806,1.27496,1.2672,1.27282,50775
1733090400,1.2727,1.27358,1.26168,1.26479,55974
1733176800,1.26472,1.26994,1.26366,1.26641,51275
1733263200,1.26645,1.27211,1.26297,1.26947,53176
1733349600,1.26967,1.27705,1.26927,1.27503,45368
1733436000,1.27506,1.28104,1.27211,1.27355,45272
1733695200,1.27293,1.27986,1.27168,1.27418,43549
1733781600,1.27379,1.27774,1.27236,1.27625,44639
1733868000,1.27596,1.27814,1.27129,1.27422,50685
1733954400,1.27479,1.27877,1.2664,1.26644,50489
1734040800,1.26675,1.26791,1.2608,1.26151,44024
1734300000,1.2616,1.26984,1.26085,1.26738,39130
1734386400,1.26735,1.27284,1.26633,1.27003,43313
1734472800,1.27012,1.27249,1.25621,1.25646,49987
1734559200,1.25653,1.26667,1.24924,1.24945,58109
1734645600,1.24962,1.26136,1.2475,1.25628,50076
1734904800,1.25592,1.25877,1.25099,1.25263,40406
1734991200,1.25268,1.25745,1.25186,1.25289,31164
1735077600,1.25301,1.25307,1.25291,1.25307,16
1735164000,1.25514,1.2552,1.2501,1.2518,30405
1735250400,1.25196,1.25925,1.2505,1.25717,41134
1735509600,1.25724,1.2607,1.25063,1.25379,40438
1735596000,1.25386,1.25691,1.2504,1.25098,43816
1735768800,1.2512,1.25403,1.23527,1.23677,48415
1735855200,1.23629,1.24339,1.23629,1.24176,40584
1736114400,1.24124,1.25508,1.24078,1.25113,52428
1736200800,1.25137,1.25686,1.24677,1.24689,43877
1736287200,1.24702,1.24937,1.23208,1.23527,51125
1736373600,1.23597,1.23655,1.22383,1.23056,45451
1736460000,1.23018,1.23215,1.21918,1.22046,53953
1736719200,1.21972,1.22101,1.20997,1.21921,54970
1736805600,1.21958,1.22501,1.21362,1.22075,57219
1736892000,1.22072,1.23055,1.21589,1.22315,48632
1736978400,1.22319,1.22602,1.21746,1.22352,51070
1737064800,1.22342,1.22442,1.21608,1.21656,46922
1737324000,1.21658,1.23441,1.21593,1.23184,49261
1737410400,1.232,1.23601,1.22292,1.23442,62586
1737496800,1.23473,1.23756,1.23057,1.23073,50777
1737583200,1.2308,1.2375,1.2293,1.23499,51204
1737669600,1.23467,1.25016,1.23449,1.24797,52847
1737928800,1.24658,1.25228,1.24259,1.24946,57315
1738015200,1.24947,1.24983,1.24143,1.24393,54092
1738101600,1.2437,1.2463,1.2393,1.24433,56843
1738188000,1.24443,1.24761,1.24078,1.24127,50015
1738274400,1.2413,1.24715,1.23861,1.2393,56866
1738533600,1.22944,1.24548,1.2249,1.2449,83888
1738620000,1.24493,1.24927,1.23787,1.24765,58377
1738706400,1.24748,1.25496,1.24633,1.25031,52669
1738792800,1.2504,1.25092,1.23601,1.24323,50345
1738879200,1.2431,1.24927,1.23762,1.24,54987
1739138400,1.23692,1.24218,1.23628,1.23654,45046
1739224800,1.23606,1.24541,1.23323,1.24436,42495
1739311200,1.24425,1.24833,1.23768,1.24425,52308
1739397600,1.2442,1.25681,1.24302,1.25637,58400
1739484000,1.25539,1.263,1.25216,1.25846,47616
1739743200,1.25785,1.26346,1.25772,1.26235,39577
1739829600,1.26168,1.26246,1.25825,1.26109,43753
1739916000,1.26096,1.26379,1.25629,1.25847,50685
1740002400,1.25826,1.26709,1.25742,1.26675,56902
1740088800,1.26642,1.26787,1.26246,1.26329,56669
1740348000,1.26278,1.26906,1.26118,1.26216,61845
1740434400,1.26216,1.26777,1.26058,1.26629,60419
1740520800,1.26619,1.27159,1.26349,1.2673,62353
1740607200,1.267,1.26888,1.25969,1.25988,64360
1740693600,1.25981,1.26218,1.25591,1.25754,64517
1740952800,1.2581,1.27248,1.25616,1.26989,74578
1741039200,1.2694,1.27996,1.26788,1.27928,84137
1741125600,1.27841,1.29008,1.27675,1.28927,83777
1741212000,1.28906,1.29238,1.28659,1.28746,83209
1741298400,1.28747,1.29447,1.28722,1.29195,72955
1741557600,1.2913,1.29466,1.28613,1.28748,73232
1741644000,1.28747,1.29658,1.28712,1.2942,77219
1741730400,1.29462,1.29889,1.29133,1.29628,63194
1741816800,1.29628,1.29734,1.29209,1.29479,58073
1741903200,1.29478,1.29587,1.29108,1.29345,58385
1742162400,1.29262,1.29984,1.29248,1.29846,44858
1742248800,1.29892,1.30099,1.29515,1.30016,45997
1742335200,1.30005,1.30112,1.2955,1.30019,49961
1742421600,1.3004,1.30147,1.29358,1.29676,48460
1742508000,1.29673,1.29703,1.28877,1.29165,45914
1742767200,1.29071,1.29731,1.28948,1.29197,62198
1742853600,1.29197,1.29658,1.29011,1.29429,62824
1742940000,1.29429,1.29478,1.28731,1.28734,71004
1743026400,1.2873,1.29913,1.28701,1.29462,76463
1743112800,1.29466,1.29674,1.29215,1.29372,64095
1743372000,1.2943,1.29717,1.28855,1.29162,79818
1743458400,1.29108,1.294,1.28784,1.29205,77371
1743544800,1.29176,1.30242,1.28996,1.29982,74994
1743631200,1.29936,1.32061,1.2969,1.30973,133837
1743717600,1.30877,1.31128,1.28522,1.28983,146440
1743976800,1.2841,1.29331,1.27073,1.27133,167461
1744063200,1.27156,1.28137,1.27132,1.27629,130110
1744149600,1.27577,1.28632,1.2733,1.28122,166321
1744236000,1.28129,1.29951,1.27872,1.29624,151123
1744322400,1.29624,1.31442,1.29617,1.30813,165396
1744581600,1.3091,1.32,1.30606,1.31875,110639
1744668000,1.31883,1.32509,1.31634,1.32256,90175
1744754400,1.32261,1.32911,1.32084,1.32432,94947
1744840800,1.32262,1.32722,1.3202,1.32628,84982
1744927200,1.32554,1.32974,1.32479,1.32902,153292
1745186400,1.3272,1.3421,1.32676,1.33738,80904
1745272800,1.3365,1.34226,1.33251,1.33272,88281
1745359200,1.33219,1.33378,1.32331,1.32484,105352
1745445600,1.32543,1.33483,1.32439,1.33371,74985
1745532000,1.33382,1.33392,1.32733,1.33073,73052
1745791200,1.3307,1.34435,1.32793,1.34374,73466
1745877600,1.34315,1.34431,1.33795,1.33987,67013
1745964000,1.33914,1.34136,1.33081,1.33253,73359
1746050400,1.3326,1.33443,1.32593,1.32688,68957
1746136800,1.32685,1.33297,1.32467,1.32656,82238
1746396000,1.3258,1.33355,1.32567,1.32899,70245
1746482400,1.32874,1.34016,1.32593,1.33625,70052
1746568800,1.33626,1.33775,1.32792,1.32897,84056
1746655200,1.32829,1.33554,1.32355,1.3242,81056
1746741600,1.32429,1.33216,1.3211,1.32989,62099
1747000800,1.3279,1.32983,1.31388,1.31744,85734
1747087200,1.31676,1.33156,1.31639,1.33031,68957
1747173600,1.33023,1.33593,1.32524,1.32535,78536
1747260000,1.32553,1.33187,1.32488,1.32966,69640
1747346400,1.32985,1.33315,1.32497,1.32771,64834
1747605600,1.327,1.34028,1.32655,1.33585,73178
1747692000,1.33576,1.33938,1.33338,1.33912,71343
1747778400,1.33842,1.34679,1.3377,1.34186,82798
1747864800,1.34149,1.34399,1.33901,1.34175,79713
1747951200,1.3415,1.35384,1.34017,1.35384,73798
1748210400,1.35206,1.35923,1.35205,1.35575,46080
1748296800,1.35585,1.35858,1.34994,1.35015,62391
1748383200,1.35008,1.35212,1.34492,1.34627,67413
1748469600,1.34643,1.35063,1.34145,1.34838,81232
1748556000,1.3487,1.35099,1.34471,1.34492,74694
1748815200,1.34597,1.35586,1.34498,1.35421,68798
1748901600,1.35373,1.35583,1.34909,1.35137,62646
1748988000,1.3512,1.35789,1.35003,1.3552,65509
1749074400,1.35505,1.36155,1.35398,1.35663,69641
1749160800,1.35651,1.35837,1.35065,1.35242,66693
1749420000,1.35237,1.35803,1.35162,1.35422,54529
1749506400,1.3542,1.35632,1.34552,1.34929,65464
1749592800,1.34929,1.35664,1.34633,1.3537,64490
1749679200,1.35398,1.36226,1.35218,1.36112,73460
1749765600,1.36107,1.36314,1.35156,1.35701,82563
1750024800,1.35491,1.36213,1.35339,1.35696,68642
1750111200,1.35752,1.35787,1.34146,1.3419,72587
1750197600,1.34204,1.34756,1.33999,1.34177,72195
1750284000,1.34168,1.34692,1.33819,1.34468,57996
1750370400,1.34546,1.35101,1.34402,1.34477,63554
1750629600,1.33983,1.35301,1.33696,1.35204,83453
1750716000,1.35186,1.36474,1.35091,1.3613,71085
1750802400,1.36101,1.36706,1.35897,1.36603,57487
1750888800,1.36599,1.37697,1.36384,1.37243,68361
1750975200,1.37246,1.37515,1.36821,1.37161,58833
1751234400,1.36981,1.37398,1.36733,1.3724,56897
1751320800,1.37237,1.37876,1.36995,1.37415,59340
1751407200,1.37408,1.37517,1.35618,1.36315,55700
1751493600,1.36327,1.36729,1.35853,1.36531,34756
1751580000,1.36523,1.36674,1.36342,1.36366,39983
1751839200,1.3648,1.36567,1.35744,1.35978,54656
1751925600,1.35994,1.36455,1.3525,1.35805,60574
1752012000,1.35788,1.36186,1.35633,1.35841,57056
1752098400,1.35833,1.36185,1.35322,1.35726,52692
1752184800,1.35686,1.35846,1.34802,1.34891,64196
1752444000,1.3483,1.35034,1.34234,1.34257,55767
1752530400,1.34249,1.34661,1.33784,1.33836,57637
1752616800,1.33733,1.34844,1.3364,1.34172,70345
1752703200,1.34181,1.34198,1.33733,1.34126,57493
1752789600,1.34121,1.34741,1.34047,1.34072,48975
1753048800,1.34064,1.35096,1.34009,1.34884,52165
1753135200,1.34806,1.35333,1.34611,1.3526,49248
1753221600,1.35228,1.35829,1.3513,1.35778,57110
1753308000,1.35776,1.35877,1.3502,1.35086,58722
1753394400,1.35085,1.35113,1.34154,1.34358,55328
1753653600,1.3424,1.34517,1.33494,1.33494,57744
1753740000,1.33493,1.33637,1.33067,1.33433,59207
1753826400,1.3341,1.33848,1.32269,1.32318,67264
1753912800,1.32313,1.3281,1.31848,1.32021,65106
1753999200,1.32008,1.33092,1.31391,1.32778,77123
1754258400,1.32687,1.3331,1.32534,1.32873,49030
1754344800,1.32802,1.33161,1.32596,1.32979,46336
1754431200,1.32949,1.33673,1.32813,1.33564,48180
1754517600,1.33469,1.34474,1.33368,1.34412,61938
1754604000,1.344,1.34581,1.34171,1.3447,54109
1754863200,1.3437,1.34759,1.33987,1.34299,43771
1754949600,1.34255,1.35229,1.34194,1.34994,59501
1755036000,1.34817,1.3584,1.34817,1.35764,48045
1755122400,1.35654,1.3594,1.352,1.35291,55102
1755208800,1.35232,1.35742,1.35232,1.35505,43938
1755468000,1.35468,1.35641,1.35008,1.35012,42995
1755554400,1.35007,1.35303,1.34767,1.34914,43569
1755640800,1.34852,1.35085,1.34468,1.34542,51288
1755727200,1.34515,1.34816,1.34047,1.34115,52000
1755813600,1.34056,1.35433,1.33897,1.35238,56800
1756072800,1.35132,1.35278,1.34453,1.34515,46218
1756159200,1.34428,1.34925,1.34339,1.34768,59852
1756245600,1.3472,1.35009,1.34159,1.34976,50330
1756332000,1.34869,1.35299,1.34813,1.35111,53390
1756418400,1.35075,1.35161,1.34454,1.34964,55420
1756677600,1.3491,1.35491,1.3491,1.35434,38398
1756764000,1.35322,1.3549,1.33394,1.33927,67001
1756850400,1.33883,1.34575,1.33325,1.34438,59958
1756936800,1.34394,1.34594,1.34163,1.34353,45638
1757023200,1.34273,1.35547,1.34212,1.35029,52346
1757282400,1.34983,1.35561,1.34809,1.35435,44110
1757368800,1.35443,1.35906,1.35171,1.35269,46475
1757455200,1.35193,1.35647,1.3513,1.35299,46831
1757541600,1.35265,1.3583,1.34938,1.35712,49457
1757628000,1.3568,1.35803,1.35239,1.35508,44141
1757887200,1.35284,1.36202,1.35284,1.35974,39501
1757973600,1.35967,1.36721,1.35912,1.36434,45783
1758060000,1.36449,1.37265,1.36183,1.36233,47623
1758146400,1.36241,1.36608,1.35338,1.35522,51070
1758232800,1.35492,1.35594,1.34632,1.34666,47650
1758492000,1.34628,1.35205,1.34528,1.35114,35912
1758578400,1.35058,1.35367,1.34868,1.35235,41299
1758664800,1.35178,1.35274,1.34263,1.34465,39688
1758751200,1.34407,1.34672,1.33234,1.33417,44210
1758837600,1.33347,1.34131,1.33288,1.3398,36707
1759096800,1.33855,1.34569,1.33822,1.34299,33310
1759183200,1.34244,1.3467,1.34132,1.34438,38272
1759269600,1.34435,1.35276,1.34346,1.34755,44936
1759356000,1.34751,1.35104,1.34012,1.3438,36758
1759442400,1.34303,1.34853,1.34251,1.34757,33558
1759701600,1.34306,1.34901,1.34162,1.34839,43100
1759788000,1.34832,1.34873,1.33919,1.34217,37729
1759874400,1.34252,1.34388,1.33709,1.34027,40898
1759960800,1.34007,1.3419,1.32796,1.33012,46951
1760047200,1.32956,1.33709,1.32614,1.33511,51225
1760306400,1.33411,1.33661,1.33148,1.33317,44895
1760392800,1.33267,1.33525,1.32483,1.33175,54837
1760479200,1.33206,1.34065,1.33124,1.34021,49216
1760565600,1.33934,1.34549,1.33885,1.34343,52153
1760652000,1.3433,1.34715,1.33905,1.34231,53946
1760911200,1.34269,1.34432,1.33998,1.34032,39643
1760997600,1.34024,1.34159,1.33612,1.33691,47644
1761084000,1.3369,1.3387,1.33054,1.33542,47172
1761170400,1.33538,1.33592,1.33107,1.33245,33498
1761256800,1.33177,1.33732,1.32871,1.33092,45908
1761516000,1.33217,1.33527,1.33103,1.33357,38096
1761602400,1.33354,1.33697,1.32473,1.32724,44418
1761688800,1.32724,1.32802,1.31406,1.31948,55816
1761775200,1.31948,1.32185,1.31162,1.3151,53095
1761861600,1.31509,1.31649,1.30967,1.31476,47757
1762120800,1.31256,1.31623,1.3108,1.31373,40097
1762207200,1.314,1.31411,1.30097,1.30188,50419
1762293600,1.30195,1.30535,1.30093,1.30503,50840
1762380000,1.30468,1.31427,1.30452,1.31357,46747
1762466400,1.31241,1.3175,1.30947,1.31625,49382
1762725600,1.3137,1.31914,1.3133,1.31724,50701
1762812000,1.3172,1.31848,1.31164,1.31478,52084
1762898400,1.31502,1.31556,1.30845,1.31313,53949
1762984800,1.31296,1.32161,1.31006,1.31913,60931
1763071200,1.31862,1.32001,1.31078,1.31716,65103
1763330400,1.31433,1.31933,1.31358,1.31529,48404
1763416800,1.31566,1.31772,1.31336,1.31443,55530
1763503200,1.31465,1.31552,1.3043,1.3057,53593
1763589600,1.30574,1.31232,1.30375,1.30707,53142
1763676000,1.30703,1.31097,1.30387,1.30949,68050
1763935200,1.3095,1.31181,1.30804,1.31031,52632
1764021600,1.31038,1.3214,1.30952,1.31642,55910
1764108000,1.31645,1.32434,1.31242,1.32418,65782
1764194400,1.323,1.32687,1.32097,1.32378,42793
1764280800,1.32367,1.32543,1.32003,1.32239,122530
1764540000,1.32244,1.32757,1.32051,1.32119,67012
1764626400,1.32133,1.32218,1.31794,1.32115,54777
1764712800,1.32115,1.33534,1.31943,1.33516,56775
1764799200,1.33493,1.33853,1.3322,1.33266,54730
1764885600,1.33248,1.33626,1.33158,1.33298,50903
1765144800,1.33161,1.33467,1.33053,1.33203,48011
1765231200,1.33209,1.33563,1.32871,1.32969,50739
1765317600,1.32976,1.33891,1.32899,1.338,55133
1765404000,1.33813,1.34385,1.33546,1.33851,55638
1765490400,1.33857,1.34,1.33427,1.33656,49783
1765749600,1.33708,1.34018,1.33544,1.33759,50577
1765836000,1.33698,1.34561,1.33548,1.34189,57052
1765922400,1.34206,1.34269,1.33113,1.3374,55125
1766008800,1.33751,1.34468,1.33407,1.33811,58087
1766095200,1.33782,1.3394,1.33569,1.3372,50607
1766354400,1.33534,1.34777,1.33534,1.34608,51456
1766440800,1.34566,1.35236,1.34422,1.35158,47679
1766527200,1.35012,1.35344,1.3481,1.35023,51094
1766700000,1.35217,1.35275,1.34773,1.34946,54538
1766959200,1.34731,1.35151,1.34688,1.35119,57613
1767045600,1.35057,1.35309,1.34495,1.34666,47218
1767132000,1.34646,1.3483,1.34021,1.34716,50662
1767304800,1.34637,1.35019,1.34343,1.34564,48019
1767564000,1.34451,1.35478,1.34135,1.35405,58178
1767650400,1.35391,1.35679,1.34916,1.35007,55232
1767736800,1.34993,1.35172,1.34554,1.34558,56237
1767823200,1.3456,1.34656,1.34156,1.34391,52880
1767909600,1.34328,1.34413,1.34037,1.3417,30285
